timestamp,session_id,input_chars,output_chars,total_chars
2026-02-07T15:55:42.083390,185a79ae-b213-4e03-a1af-c3722a962f8b,5,32,37
2026-02-07T15:56:02.561722,185a79ae-b213-4e03-a1af-c3722a962f8b,44,158,202
2026-02-07T15:56:15.773153,185a79ae-b213-4e03-a1af-c3722a962f8b,5,109,114
2026-02-07T15:56:28.981746,185a79ae-b213-4e03-a1af-c3722a962f8b,35,85,120
2026-02-10T23:52:52.031218,95ea87bb-6a7e-444b-a5b9-0e24c2d44b81,5,152,157
2026-02-10T23:54:40.464240,f49dd0ad-51d7-4f6a-bec0-9f42299db988,1323,468,1791
2026-02-10T23:54:43.265676,2a58c38e-4ea7-4220-978a-31fa927cf93a,1374,605,1979
2026-02-10T23:54:45.730678,0428fbbc-a672-4e2e-8a98-8acce1cd5da7,317,522,839
2026-02-10T23:54:48.086261,3fa44605-bd76-4ed1-9e8a-be2bf07ba823,368,406,774
2026-02-10T23:54:50.088369,aea55ec1-2430-4d83-97fd-538996a3b4a7,402,464,866
2026-02-10T23:54:52.328590,4de32354-4406-44c7-88eb-9b36bdb66aa9,453,553,1006
2026-02-10T23:54:54.356258,1b47f203-a273-452d-99ce-06232650c35c,289,502,791
2026-02-10T23:54:58.948513,dfd62b3d-18d7-4e01-a896-76c37bd1db9e,340,583,923
2026-02-10T23:55:00.929494,652050dc-89ef-4f48-84d1-5440b46b073b,404,426,830
2026-02-10T23:55:03.043924,62f9f3d3-aa9d-4592-9c23-4790e10567ec,455,465,920
2026-02-10T23:55:05.045508,8570f017-3f9a-4388-8aee-f65194222c71,408,502,910
2026-02-10T23:55:07.435638,e893767e-ed3e-4add-b44f-e22ae0c34ae2,459,532,991
2026-02-10T23:55:09.793521,bf496e2b-3635-4854-af08-77752a17faa8,531,569,1100
2026-02-10T23:55:12.152066,1364c405-9fb0-40e4-b42a-8c9898107018,582,539,1121
2026-02-10T23:55:14.048018,ce21c48d-9710-4072-abec-0e254bc6be5d,444,403,847
2026-02-10T23:55:16.255740,99a1446b-7863-4637-b934-2e7a5bdc052d,495,414,909
2026-02-10T23:55:18.157966,36695251-9172-4278-8e50-ecebb370e2bc,265,516,781
2026-02-10T23:55:20.542101,09904910-3450-410f-8d16-75bee6c329cc,316,549,865
2026-02-10T23:55:22.272832,0fb843e3-6e9c-4889-9b09-2ca084709b53,562,466,1028
2026-02-10T23:55:24.333534,dd6fb922-8933-4506-81f3-b68ab499630d,613,491,1104
2026-02-10T23:55:26.552767,39af02e3-f91b-4675-9dc5-109464582f6c,540,533,1073
2026-02-10T23:55:28.558434,62748baf-23a5-422e-9d4d-84a1139db3e5,591,482,1073
2026-02-10T23:55:30.683598,f79e68d4-ed9f-4ef2-94b0-a8abe606b4d9,283,412,695
2026-02-10T23:55:32.776782,fcfd322a-be7c-4b86-ab54-0d36c8f6789c,334,463,797
2026-02-10T23:55:35.689529,bb45b027-2980-4d90-b453-855a4d49f6f4,297,377,674
2026-02-10T23:55:37.955264,43e88e72-5b50-4b35-9d5c-0f86a22a7a0c,348,383,731
2026-02-10T23:55:40.000989,22165121-76f0-4f43-8002-260c9c1d2109,304,431,735
2026-02-10T23:55:42.126007,640c189b-4c2c-4a40-9d2d-a49b7ec98a7d,355,497,852
2026-02-10T23:55:44.815530,7cd4fbb0-eb5f-48ef-9afe-aa4ead89165f,374,471,845
2026-02-10T23:55:47.215556,7c877aaf-f7d7-4c1a-9728-c7db872100dc,425,514,939
2026-02-10T23:55:49.624126,2d6b5e6e-fab1-4a54-80a1-fde6a814f101,290,516,806
2026-02-10T23:55:51.980910,b9e81a96-32d1-4d5b-a91e-6eba561811b4,341,506,847
2026-02-10T23:55:53.764340,b93bba6b-3c88-4b35-a686-f8632d59253e,413,329,742
2026-02-10T23:55:55.846700,3f6dd62c-ab12-4448-8847-dbad5ec488db,464,417,881
2026-02-10T23:55:58.270330,a4860cd5-942d-4653-a483-d34b641e9c06,840,494,1334
2026-02-10T23:56:00.223739,2a81e24e-40fd-44cd-8c40-93e8b9102b46,891,464,1355
2026-02-10T23:56:02.629377,95fc4423-4ba1-43d6-9b49-23de7d51a4b3,388,475,863
2026-02-10T23:56:05.087977,9b83114b-d31e-4a2c-a7fd-08ccfbe8524b,439,569,1008
2026-02-10T23:56:10.313393,78855fa6-cdb2-476e-8246-6d3db691e944,373,485,858
2026-02-10T23:56:12.771823,ceab7859-734e-465f-af53-e0ff030c94b8,424,571,995
2026-02-10T23:56:14.985298,02d14960-ddec-4d29-81ac-5cc56598915f,419,444,863
2026-02-10T23:56:17.085647,a6d66ef6-4a96-44db-ad47-f7fb51984e52,470,503,973
2026-02-10T23:56:19.184536,71a794d3-f814-45cb-aadd-be2d220f164a,557,461,1018
2026-02-10T23:56:22.086584,5d7d5325-cfbd-4af0-ba10-53f66a5496ac,608,690,1298
2026-02-10T23:56:24.855006,00d985d0-6aab-429a-a72b-e34f6808d752,1632,513,2145
2026-02-10T23:56:27.312854,2572f859-ec19-4c25-bd5d-7cf2abb2c10b,1683,468,2151
2026-02-10T23:56:29.552254,d3ab0ee2-e3c0-4bbf-86d1-bea4dcc512f0,353,522,875
2026-02-10T23:56:32.276893,b8ea5462-2036-4da3-8a0f-5edabca56ab5,404,540,944
2026-02-10T23:56:34.310295,1a7c9f37-6dc5-432f-97d3-f714ecf3a9fe,321,410,731
2026-02-10T23:56:36.527799,47fb7952-b8ee-422a-a2ce-50b7befef6c3,372,456,828
2026-02-10T23:56:38.470226,e979fb40-570f-4135-8ee2-e328f17ee1e1,582,426,1008
2026-02-10T23:56:40.521836,820c8492-a6ff-42bc-aeb3-520b458b1855,633,411,1044
2026-02-10T23:56:42.668501,dc03a885-c47a-4a36-bad4-de827aa394b9,379,329,708
2026-02-10T23:56:44.512772,98d02bd1-e5be-46b9-918f-1c1e24370aef,430,383,813
2026-02-10T23:56:46.574395,bff0c524-316e-438b-9a00-600a8daba68c,593,498,1091
2026-02-10T23:56:48.527514,a0175147-ccfe-4cb7-8f10-6a51d2a28885,644,408,1052
2026-02-10T23:56:50.452311,bc22f3c6-9e91-4287-9410-456d1344c8c2,967,407,1374
2026-02-10T23:56:52.604706,ad89e1ff-1299-46f6-9953-09c2edba362e,1018,509,1527
2026-02-10T23:56:54.379986,242ca9ca-e85d-483a-9283-076863dae365,318,322,640
2026-02-10T23:56:56.904983,a3ac35e7-320d-4ba4-92a6-c954ba1f34f4,369,318,687
2026-02-10T23:56:59.259162,4b1f7f66-a334-4df7-bb92-26fdd75a7765,567,575,1142
2026-02-10T23:57:03.459996,d72e9873-12ba-4597-abcb-f84cbdf3a962,618,480,1098
2026-02-10T23:57:05.636754,935332dd-7eac-4246-ab44-a25725f95db9,284,426,710
2026-02-10T23:57:08.172944,2ce02f9c-55cc-4d15-b854-7096a202015a,335,549,884
2026-02-10T23:57:10.373675,0c78235a-20b1-4a09-bb39-288d133c6ae1,396,515,911
2026-02-10T23:57:12.980030,8ff3c01c-35bc-4f6f-9972-e88e4051a74c,447,477,924
2026-02-10T23:57:15.540688,5856d2ad-9702-4dc2-9832-5aaa7f010e44,1863,481,2344
2026-02-10T23:57:19.635372,aeb1bcfa-aa8b-470c-b96a-0d9c6e5d5e42,1914,511,2425
2026-02-10T23:57:22.197897,79c2fcc2-6513-41d3-aa50-be63fdc6f893,1348,404,1752
2026-02-10T23:57:24.553812,76101c1a-a1a4-4df6-a6e3-c5ced86788fb,1399,488,1887
2026-02-10T23:57:26.753282,e93eba6f-176a-4212-82a7-9b9c6cdf757b,251,392,643
2026-02-10T23:57:28.981854,5f353984-fea9-43c8-9c15-9885961242bc,302,529,831
2026-02-10T23:57:32.743321,1d9a6c8b-b8f9-4f8a-a46d-8f4848892b39,2228,304,2532
2026-02-10T23:57:35.044817,e8c00281-7af5-400d-8595-7394b8c8dbff,2279,494,2773
2026-02-10T23:57:36.942375,61dafabf-6cd2-4638-853b-fd34d5549070,329,289,618
2026-02-10T23:57:38.887804,b28c0875-7cb0-4d51-88c9-856668791827,380,302,682
2026-02-10T23:57:40.874548,993aae1b-eacd-47f1-9fb5-02bc14bb82f4,562,350,912
2026-02-10T23:57:43.191258,de8554f2-d4b3-4a81-b8f3-dd990093d557,613,520,1133
2026-02-10T23:57:46.979499,c52248cf-0d21-4347-a5b9-87f1c4c937dc,927,379,1306
2026-02-10T23:57:49.130817,d5bc83dd-e596-4d52-9071-eefe5bbb5e20,978,459,1437
2026-02-10T23:57:51.014684,00174cfd-4ffe-43df-9e64-fdf6259d346e,317,337,654
2026-02-10T23:57:53.428425,01a95a34-9c05-4ff9-9b33-a0f1b6d8caf7,368,587,955
2026-02-10T23:57:55.495202,22887def-1262-4dfa-b49e-b3234c547ada,1765,541,2306
2026-02-10T23:57:58.549729,0b3217f1-1f67-4db4-9513-31ba413a2db3,1816,469,2285
2026-02-10T23:58:00.835962,48497808-7eca-465f-ac78-c3ddaa99dbe6,723,574,1297
2026-02-10T23:58:03.395818,2362bf48-4af2-44e7-a02c-189018afbc3b,774,562,1336
2026-02-10T23:58:05.707111,11770c23-0a96-406e-81b3-93073caaa64f,258,402,660
2026-02-10T23:58:07.933631,cac6ea53-ef4c-4fa2-85cd-e1fe163de691,309,361,670
2026-02-10T23:58:10.082931,fb21c39b-4772-4a9b-8e52-10494ac13e48,469,484,953
2026-02-10T23:58:13.519057,374c4ecd-594a-4699-86e5-5180d2420240,520,478,998
2026-02-10T23:58:15.754225,4771d66d-e4e2-44f3-a707-2f2ee570d92a,596,575,1171
2026-02-10T23:58:18.006102,d1321c75-680f-4a09-8361-d2304e31d3e7,647,597,1244
2026-02-10T23:58:21.180455,01ecbbb4-5839-415b-a0c3-0209675b093a,576,585,1161
2026-02-10T23:58:23.431798,be5a7009-5134-4a50-8fa3-3fb55e3647ea,627,666,1293
2026-02-10T23:58:25.686628,e0ae9b26-fb81-4c88-8bc9-590b06555589,256,417,673
2026-02-10T23:58:27.745891,ddc05269-5607-4f31-a0a4-abdc94eed8bc,307,456,763
2026-02-10T23:58:29.988309,968cee45-bb36-4350-95c5-837cc18d813a,286,535,821
2026-02-10T23:58:32.339190,87896a0e-57d5-45ad-abf8-c38a9fc61fd5,337,559,896
2026-02-10T23:58:34.391800,a7baf198-2d9f-438d-8426-5cf72f6a4787,605,429,1034
2026-02-10T23:58:36.848605,9a959e3a-5bbb-432e-8e0f-44a8c18fa7a9,656,556,1212
2026-02-10T23:58:39.098605,455f90d8-6e5a-42a4-9233-b11357742d6d,242,466,708
2026-02-10T23:58:41.034883,97bb64f3-2eef-4309-8b62-c5b1214e95b0,293,404,697
2026-02-10T23:58:43.300779,25d3bbfc-7983-496f-95cb-2c14fdf62bd0,450,477,927
2026-02-10T23:58:45.437013,98c343f8-4861-4126-b653-9833a7256b73,501,442,943
2026-02-10T23:58:47.585777,a7a7b608-6ed9-456d-a618-be484fc67d5d,250,443,693
2026-02-10T23:58:49.853048,efeb3bb2-cdd1-4dbb-be1d-1782754b162a,301,513,814
2026-02-10T23:58:52.107051,64a262cb-e7a6-4a86-a464-cfa5eff85d6e,510,398,908
2026-02-10T23:58:54.394069,cd05fa08-25f9-4de5-87b5-12b65f12d8e5,561,438,999
2026-02-11T00:05:58.718068,95ea87bb-6a7e-444b-a5b9-0e24c2d44b81,2,195,197
2026-02-11T00:06:06.345675,95ea87bb-6a7e-444b-a5b9-0e24c2d44b81,14,400,414
2026-02-11T00:06:11.426197,1ad2cc42-3990-42b5-a250-b499fc13b0de,1323,481,1804
2026-02-11T00:06:13.969447,dadce7c4-c65c-42f3-8cc5-c2032ecd2f0d,1374,456,1830
2026-02-11T00:06:16.247315,36878313-665a-4fae-9abf-c468c802d27f,317,423,740
2026-02-11T00:06:18.574781,27ac4425-7b23-4708-93c4-918623567243,368,559,927
2026-02-11T00:06:20.729240,faa796fa-6f02-4512-9c03-9b33faf0b635,402,475,877
2026-02-11T00:06:23.694431,5acd8016-8ee9-4ec1-b23b-6f492306fd46,453,617,1070
2026-02-11T00:06:26.268381,9f3f977b-8019-41ba-a45e-52f3a5834cab,289,521,810
2026-02-11T00:06:28.510754,10fe9b3a-91cd-498d-8f9e-bcbf57160e9d,340,492,832
2026-02-11T00:06:30.588377,ca52fd8f-1eed-4bd3-881f-2e12b9fb30b1,404,412,816
2026-02-11T00:06:32.504914,93fef164-be2b-4670-8f10-7ce5f0b9a346,455,365,820
2026-02-11T00:06:34.478267,729af86f-d7f4-4e4c-bbf8-99d04ba3556e,408,457,865
2026-02-11T00:06:38.031133,5cd81f23-cb8b-47b1-8753-6cd54df0a0dd,459,346,805
2026-02-11T00:06:40.081668,3bcff32c-b2bc-4763-9ae8-c661a56cbd14,531,524,1055
2026-02-11T00:06:42.333480,d59a6139-8344-40b9-9eb5-1968d5d30380,582,519,1101
2026-02-11T00:06:44.382228,1e26bb35-212a-4958-8bb5-4af0d3620877,444,454,898
2026-02-11T00:06:46.550403,a6f75daf-ae5c-41a4-9b71-bd287f35bdca,495,373,868
2026-02-11T00:06:48.477091,282c0d73-9124-4f0a-b68b-0eb445bc4f49,265,414,679
2026-02-11T00:06:50.900249,3eca7e91-e14d-4cba-b352-fc21ef969372,316,587,903
2026-02-11T00:06:53.187991,770e9371-503c-4bf5-86e0-e031aa23c573,562,546,1108
2026-02-11T00:06:55.442655,2178cd19-9bc4-4029-a239-d562ff5202f9,613,493,1106
2026-02-11T00:06:58.251382,eb08e852-2a5b-4ea7-9b12-c67860b59767,540,528,1068
2026-02-11T00:07:00.252621,d4b41d3a-cab2-41ca-a3ca-45deaa98b822,591,446,1037
2026-02-11T00:07:02.200966,80c01e45-e488-4dbe-89e0-30619ef13840,283,400,683
2026-02-11T00:07:04.351193,15572ba9-8091-45a5-9ca4-cf0f219cce9a,334,354,688
2026-02-11T00:07:06.571892,22ec520b-f178-4121-bc69-78fbd4559914,297,490,787
2026-02-11T00:07:08.750358,72d2d597-c637-4fba-97b0-372d5604e61a,348,448,796
2026-02-11T00:07:11.416373,2836ae60-3719-47c9-ad46-93c16fcba6a3,304,578,882
2026-02-11T00:07:13.566174,2ecfd117-a59e-449b-b1ae-714495216a9d,355,429,784
2026-02-11T00:07:15.715220,514890d4-993b-4f5c-b0fe-996ffbea7871,374,425,799
2026-02-11T00:07:17.867295,3be14f4e-e4aa-43a6-80fc-8d855877cc04,425,495,920
2026-02-11T00:07:20.015783,5eada8d2-3bce-4bb6-9082-1b0630dc7592,290,503,793
2026-02-11T00:07:22.143319,96a6a984-9196-4ab8-950c-3660c369557a,341,488,829
2026-02-11T00:07:24.009538,88164978-01ca-4044-a42e-57a4d558b09b,413,321,734
2026-02-11T00:07:25.855249,c9a86f3b-606c-478e-a97c-fce9dc1169ec,464,406,870
2026-02-11T00:07:27.953538,04eb7e3c-0694-4334-8a33-288f1a4854de,840,484,1324
2026-02-11T00:07:29.886046,7a4777b6-2f7a-4570-88d8-39c9104cf32d,891,328,1219
2026-02-11T00:07:32.099020,0663a79f-7802-4966-b6d8-aad03cbb30bf,388,430,818
2026-02-11T00:07:34.354273,8a4e03ed-7fec-4da8-9306-a8c2e01703e4,439,480,919
2026-02-11T00:07:36.197070,37d9bd4d-eba0-40eb-b7ca-4bfd19a33b9e,373,376,749
2026-02-11T00:07:39.370082,97e2ee33-8e6d-43e0-9895-c28b1b6cb32f,424,414,838
2026-02-11T00:07:41.457628,52994287-86c1-4245-9d01-e18b137ef334,419,519,938
2026-02-11T00:07:43.382655,ed8644cf-cd45-4f58-9fda-78b8f88ef51d,470,451,921
2026-02-11T00:07:45.822277,b7c442bd-9513-41c1-ae08-0bac78512b36,557,570,1127
2026-02-11T00:07:47.972398,631e17fd-46ed-454f-908d-46f3120151f2,608,471,1079
2026-02-11T00:07:50.370086,1630b223-4216-4b97-8c8e-ef37f0725c27,1632,526,2158
2026-02-11T00:07:52.581886,5c4da227-4671-45fe-90f8-709915d152fa,1683,486,2169
2026-02-11T00:07:54.810497,e0ca1ea9-2c76-446a-84aa-3902e1ab10ef,353,543,896
2026-02-11T00:07:57.288933,45a43a3d-8197-47e2-9a32-92ea174410e4,404,533,937
2026-02-11T00:07:59.541201,7d48b396-f774-4a98-bde3-1d36be8b725c,321,548,869
2026-02-11T00:08:01.532078,524a2fc1-fa01-489c-bff5-94dbb7e7988e,372,357,729
2026-02-11T00:08:03.435143,3c609159-f83d-4432-8f0b-2ca912abdb1b,582,493,1075
2026-02-11T00:08:05.378914,4a3bd81d-7f6c-4e08-a989-60174f30d5d0,633,392,1025
2026-02-11T00:08:07.223540,fc767de3-b74f-4bb7-b324-adcc9a4c521d,379,406,785
2026-02-11T00:08:11.424312,166a6fef-abd8-4408-9d27-5763367aef26,430,407,837
2026-02-11T00:08:13.630648,99226a74-2cd6-48c6-b07a-ac9b0b99e009,593,566,1159
2026-02-11T00:08:15.821520,3f444489-cc51-42cc-859e-9d7713670883,644,532,1176
2026-02-11T00:08:17.975582,58100575-9fb8-4bc8-8371-963265981108,967,486,1453
2026-02-11T00:08:20.023008,025e2484-e7be-49ff-b81d-adc383f6f7be,1018,451,1469
2026-02-11T00:08:21.768138,f4819d47-0c91-472e-975b-f7ea267e9192,318,337,655
2026-02-11T00:08:23.528153,916fe73a-0cbf-4a53-8291-3d4c91122a87,369,328,697
2026-02-11T00:08:25.610614,9a884426-7522-41d6-964b-9847a59b1012,567,529,1096
2026-02-11T00:08:27.806946,0698f917-83bf-4163-b22f-400fbaaadcdf,618,515,1133
2026-02-11T00:08:30.262760,3db89aaf-b91b-4eea-9e69-ad936ab0474d,284,395,679
2026-02-11T00:08:33.496991,265d44b0-9013-4bc9-a2c5-b4bf3f80a8ef,335,473,808
2026-02-11T00:08:35.628658,a318f5da-7eeb-4b19-ab48-e2ec40bdf365,396,467,863
2026-02-11T00:08:39.173892,874e5c45-042b-458b-84bb-a8346628b005,447,360,807
2026-02-11T00:08:41.323791,0ed18cdd-c5fb-4fc3-b7b2-6a029f0356de,1863,446,2309
2026-02-11T00:08:43.524280,32305b4e-98a7-4ce4-abe7-d2cafec4be4d,1914,490,2404
2026-02-11T00:08:45.729164,1932735b-edba-45e1-810a-6bc4e23a95e7,1348,416,1764
2026-02-11T00:08:49.618963,82828efe-fb12-41c1-8671-487cf50eb103,1399,454,1853
2026-02-11T00:08:51.770985,b21a49a4-0d40-4093-bc7d-f5d82acab539,251,405,656
2026-02-11T00:08:54.227371,940e5efd-1d1c-4b36-b887-3a0833a5fb13,302,563,865
2026-02-11T00:08:56.273005,cc59332d-a5c9-4b5f-a7ab-f83b22648921,2228,401,2629
2026-02-11T00:08:58.218618,33b26652-3d39-4ff1-a9ad-7fa1ac34e84d,2279,360,2639
2026-02-11T00:09:00.266245,9b2073e7-5239-4993-b247-b86c0b86d13f,329,311,640
2026-02-11T00:09:03.134523,8f11facb-e5c4-4d01-a5e1-0fa5deb071a8,380,368,748
2026-02-11T00:09:05.177432,304e4e4d-e2e4-42a2-ae3f-801673a362f6,562,390,952
2026-02-11T00:09:08.229470,08784775-ae11-4ef4-adb3-bfdaae86e789,613,426,1039
2026-02-11T00:09:10.410349,cfb13463-7c13-45cc-9274-a8f331146d25,927,489,1416
2026-02-11T00:09:12.351059,a146ad04-669f-4a46-afc4-de9c004cf0f6,978,472,1450
2026-02-11T00:09:14.168013,1b3fa2c8-09b2-4bdc-8561-0a332de35e51,317,339,656
2026-02-11T00:09:15.953636,a1652d9a-1ae7-4e5f-ba11-8d3a717e6705,368,472,840
2026-02-11T00:09:17.880966,0a321300-aff0-4d39-bdab-92288195777f,1765,514,2279
2026-02-11T00:09:19.750506,21db1da6-cbaa-461d-85c2-d9ba96149edc,1816,436,2252
2026-02-11T00:09:22.183585,f172acff-ee81-47e3-a668-ebc305a29b57,723,528,1251
2026-02-11T00:09:24.342336,e6fdfd72-755c-4811-8e11-cf89e3501cc4,774,565,1339
2026-02-11T00:09:28.326827,63d78a05-f80e-4f41-b516-b8aaa52ea120,258,484,742
2026-02-11T00:09:30.473574,d419c633-b6ee-4107-8a86-a4e048345e69,309,494,803
2026-02-11T00:09:32.608720,1d12e1a5-ca13-4244-95ef-685cbd9fe6e7,469,497,966
2026-02-11T00:09:34.569423,f6d090de-0c56-405d-8f62-317e020e5618,520,394,914
2026-02-11T00:09:36.517150,86a58faa-9887-420e-b3af-b75923baa8c7,596,512,1108
2026-02-11T00:09:38.934138,8e334f9d-f264-4047-960d-720426686066,647,424,1071
2026-02-11T00:09:41.533719,c43783ed-b857-4420-9cf4-c26a077d3393,576,572,1148
2026-02-11T00:09:45.499828,484a8cce-f2df-4b4a-99ba-a5a495fa4b78,627,632,1259
2026-02-11T00:09:47.591565,68fe9103-c2d5-4865-8ef2-1f5a59b8f225,256,424,680
2026-02-11T00:09:49.727301,5ce40233-9a92-448f-a70a-90595c1ea012,307,373,680
2026-02-11T00:09:52.082659,4e74628c-418f-4838-a16e-1e6d144a12e8,286,416,702
2026-02-11T00:09:54.538062,4b6664ee-395b-4e5c-872c-2349d0ce79d2,337,497,834
2026-02-11T00:09:58.200034,2cb2662d-0994-47c2-a087-dc09a04c5180,605,583,1188
2026-02-11T00:10:02.107322,04a26eb8-de94-4a8c-ac39-966411881855,656,569,1225
2026-02-11T00:10:04.080031,bfb0408b-832b-41e3-b918-4fec1b53ad60,242,399,641
2026-02-11T00:10:06.525579,12978b08-6f78-426b-981a-d488861dad51,293,531,824
2026-02-11T00:10:08.672042,5d895ba1-cfb4-4cb2-bcc4-7056319d0217,450,445,895
2026-02-11T00:10:10.853132,7ad83146-426b-4325-925e-9888cf54ffc9,501,416,917
2026-02-11T00:10:13.073242,c662fd27-338d-4bfc-83e6-492afd601fd5,250,482,732
2026-02-11T00:10:15.277513,14aa0f28-bc0d-4350-97ff-60334b09aac3,301,404,705
2026-02-11T00:10:17.563142,29fe6aad-719f-4440-9854-08168fbce0f9,510,455,965
2026-02-11T00:10:19.831271,f8bd461c-5409-4a98-822a-17ec2b5278af,561,534,1095
